Aggregation Level,Data item,Unit,Pathway,Fuel,Peak/ Annual/ Minimum,2023,2024,2025,2026,2027,2028,2029,2030,2031,2032,2033,2034,2035,2036,2037,2038,2039,2040,2041,2042,2043,2044,2045,2046,2047,2048,2049,2050
1,GBFES System Demand: Total,GWh,Hydrogen Evolution,Electricity,Annual [Fiscal],286780.0,289650.0,293394.0,297512.0,303083.0,311611.0,321544.0,334918.0,346651.0,371848.0,392387.0,421516.0,464347.0,502185.0,522729.0,545247.0,572262.0,594439.0,629181.0,658165.0,691892.0,720585.0,732957.0,748081.0,770705.0,778236.0,795993.0,797120.0
1,GBFES System Demand: Total,GWh,Electric Engagement,Electricity,Annual [Fiscal],286780.0,289650.0,291698.0,296073.0,303668.0,314313.0,328975.0,344803.0,362869.0,382238.0,402822.0,425413.0,450076.0,483247.0,525964.0,558403.0,585948.0,616965.0,644531.0,672190.0,694708.0,709671.0,724440.0,737930.0,752313.0,766439.0,776227.0,784736.0
1,GBFES System Demand: Total,GWh,Falling Behind,Electricity,Annual [Fiscal],286780.0,289650.0,295231.0,298512.0,302725.0,308325.0,316344.0,323698.0,332351.0,341738.0,351742.0,362296.0,372906.0,384269.0,396144.0,407229.0,419392.0,433613.0,450011.0,464557.0,477519.0,490691.0,504316.0,516137.0,526834.0,537853.0,548276.0,558750.0
1,GBFES System Demand: Total,GWh,Holistic Transition,Electricity,Annual [Fiscal],286780.0,289650.0,290891.0,294991.0,302613.0,314320.0,326293.0,339295.0,355884.0,373666.0,392593.0,411573.0,433422.0,461449.0,488675.0,513806.0,536367.0,563928.0,582761.0,602352.0,621073.0,635458.0,654296.0,670284.0,681236.0,691034.0,700725.0,705223.0
1,GBFES System Demand: Total,GWh,Ten Year Forecast,Electricity,Annual [Fiscal],286780.0,289650.0,292075.0,295108.0,300224.0,308605.0,320241.0,330877.0,343650.0,358686.0,373643.0,385686.0,396764.0,,,,,,,,,,,,,,,
2,GBFES Customer Demand: Residential,GWh,Hydrogen Evolution,Electricity,Annual [Fiscal],102291.925,99753.319,98963.227,99128.878,100038.552,101752.494,104563.729,108179.198,112783.264,117734.972,123272.76,129024.43,134360.654,142302.038,149489.029,155883.755,161499.921,167276.274,172287.089,176748.221,181138.566,186130.524,190262.2,193818.651,197026.409,199854.023,202328.358,204983.194
2,GBFES Customer Demand: Residential,GWh,Electric Engagement,Electricity,Annual [Fiscal],102291.925,99753.319,98610.323,98804.92,99761.403,101546.998,104449.023,108163.231,112995.752,118401.73,124577.473,130757.42,136577.331,147102.032,156812.181,165634.129,173474.938,181304.216,188429.589,196029.314,202788.893,208861.628,214314.089,218798.61,222857.95,226195.821,229401.178,232729.767
2,GBFES Customer Demand: Residential,GWh,Falling Behind,Electricity,Annual [Fiscal],102291.925,99753.319,100014.968,100023.401,100555.14,101839.032,103961.195,105871.342,108271.346,111128.431,114336.618,117687.684,121138.872,125118.128,129092.859,133002.238,136852.556,141913.829,149495.163,156372.148,161913.183,166442.276,170336.979,173823.551,176491.497,179110.192,181787.724,184625.665
2,GBFES Customer Demand: Residential,GWh,Holistic Transition,Electricity,Annual [Fiscal],102291.925,99753.319,97776.694,97599.888,98191.012,99682.3,102317.011,105491.818,110054.279,115321.799,121395.794,127523.21,133491.415,142312.729,150451.375,157759.193,164128.149,170590.997,176580.767,182199.741,186683.704,190703.514,194168.388,196554.685,198648.864,200219.674,201639.076,202975.387
2,GBFES Customer Demand: Residential,GWh,Ten Year Forecast,Electricity,Annual [Fiscal],102291.925,99753.319,98905.846,98871.43,99473.298,100848.517,103155.839,105608.203,108547.306,111609.727,114949.724,118271.389,121613.141,,,,,,,,,,,,,,,
3,Residential Appliance Demand,GWh,Hydrogen Evolution,Electricity,Annual [Fiscal],64255.268,62638.889,61667.155,60860.836,60030.907,59123.844,58323.06,57841.042,57452.517,57070.48,56676.472,56236.837,55716.721,55198.111,54678.523,54197.641,53736.465,53638.171,53747.803,53850.359,53937.486,54036.256,54167.667,54302.748,54437.025,54578.245,54766.808,55042.859
3,Residential Appliance Demand,GWh,Electric Engagement,Electricity,Annual [Fiscal],64255.268,62638.889,61667.155,60860.836,60030.907,59123.844,58323.06,57841.042,57452.517,57070.48,56676.472,56236.837,55716.721,55198.111,54678.523,54197.641,53736.465,53638.171,53747.803,53850.359,53937.486,54036.256,54167.667,54302.748,54437.025,54578.245,54766.808,55042.859
3,Residential Appliance Demand,GWh,Falling Behind,Electricity,Annual [Fiscal],64255.268,62638.889,62550.839,61936.482,61318.631,60808.656,60577.168,60443.268,60377.051,60198.222,59992.859,59728.634,59366.596,59001.919,58630.894,58295.264,57973.022,58000.549,58266.044,58630.988,58982.688,59334.07,59683.933,60031.057,60375.949,60723.207,61071.671,61418.282
3,Residential Appliance Demand,GWh,Holistic Transition,Electricity,Annual [Fiscal],64255.268,62638.889,61291.544,60177.229,59075.752,58027.19,57090.716,56285.429,55717.533,55162.295,54599.911,54000.253,53335.957,52682.288,52073.785,51521.268,50984.722,50762.793,50716.511,50664.354,50596.522,50527.351,50461.394,50407.498,50378.269,50351.708,50324.187,50293.628
3,Residential Appliance Demand,GWh,Ten Year Forecast,Electricity,Annual [Fiscal],64255.268,62638.889,62007.174,61318.43,60613.218,60027.859,59695.454,59443.035,59211.196,58878.017,58530.8,58127.866,57626.396,,,,,,,,,,,,,,,
3,Residential Light Demand,GWh,Hydrogen Evolution,Electricity,Annual [Fiscal],13839.05,11853.9,9851.441,8401.283,7306.23,6549.062,6074.281,5608.011,5132.289,4768.018,4547.911,4384.576,4228.193,4064.74,3889.928,3706.69,3520.517,3361.223,3219.174,3089.742,2974.259,2874.373,2780.017,2695.117,2613.397,2526.576,2444.881,2359.713
3,Residential Light Demand,GWh,Electric Engagement,Electricity,Annual [Fiscal],13839.05,11853.9,9851.441,8401.283,7306.23,6549.062,6074.281,5608.011,5132.289,4768.018,4547.911,4384.576,4228.193,4064.74,3889.928,3706.69,3520.517,3361.223,3219.174,3089.742,2974.259,2874.373,2780.017,2695.117,2613.397,2526.576,2444.881,2359.713
3,Residential Light Demand,GWh,Falling Behind,Electricity,Annual [Fiscal],13839.05,11853.9,10200.584,8819.097,7763.779,7048.767,6601.729,6171.677,5733.049,5398.89,5184.139,5034.542,4894.328,4741.614,4583.168,4408.909,4235.558,4085.045,3953.524,3832.994,3727.665,3633.808,3550.313,3467.459,3389.71,3309.47,3231.062,3151.403
3,Residential Light Demand,GWh,Holistic Transition,Electricity,Annual [Fiscal],13839.05,11853.9,9726.34,8244.68,7127.54,6359.815,5873.983,5389.447,4912.163,4544.821,4311.693,4133.801,3971.581,3813.455,3635.499,3452.436,3265.619,3099.709,2953.743,2825.064,2707.904,2608.299,2513.328,2426.55,2342.892,2257.739,2176.046,2090.715
3,Residential Light Demand,GWh,Ten Year Forecast,Electricity,Annual [Fiscal],13839.05,11853.9,9851.441,8401.283,7306.23,6549.062,6074.281,5608.011,5132.289,4768.018,4547.911,4384.576,4228.193,,,,,,,,,,,,,,,
3,Residential Storage Heat,GWh,Hydrogen Evolution,Electricity,Annual [Fiscal],14856.071,14664.993,14806.795,14925.129,14989.719,15018.861,15032.485,14678.642,14326.581,13925.963,13492.372,12999.436,12419.572,13231.545,14033.877,14822.63,15606.429,16459.167,17250.504,18253.851,19227.838,20105.468,20814.384,21405.596,21908.142,22295.81,22580.731,22903.003
3,Residential Storage Heat,GWh,Electric Engagement,Electricity,Annual [Fiscal],14856.071,14664.993,14805.672,14923.765,14990.865,15026.051,15048.317,14704.661,14346.049,13938.386,13495.829,12994.572,12410.085,13894.867,15341.628,16733.538,18051.789,19393.535,20725.129,22358.793,23879.408,25286.034,26461.869,27458.361,28310.572,28929.518,29509.544,30116.55
3,Residential Storage Heat,GWh,Falling Behind,Electricity,Annual [Fiscal],14856.071,14664.993,14857.316,14998.636,15092.663,15147.588,15182.037,14839.398,14534.993,14242.306,13972.034,13718.007,13480.352,13469.906,13498.77,13545.084,13615.694,13771.805,13899.723,14089.343,14106.383,14127.788,14153.915,14123.728,14067.479,14021.648,13988.042,13976.319
3,Residential Storage Heat,GWh,Holistic Transition,Electricity,Annual [Fiscal],14856.071,14664.993,14805.861,14923.949,14990.82,15025.59,15047.259,14702.835,14343.106,13933.659,13487.304,12981.831,12393.345,12381.056,12358.687,12327.249,12278.816,12279.699,12301.077,12420.096,12440.131,12389.13,12262.323,12089.877,11935.968,11767.814,11626.708,11539.555
3,Residential Storage Heat,GWh,Ten Year Forecast,Electricity,Annual [Fiscal],14856.071,14664.993,14834.849,14926.919,14994.167,15023.364,15032.893,14671.348,14332.834,13929.965,13480.163,12955.167,12381.303,,,,,,,,,,,,,,,
3,Residential Resistive Heat Demand,GWh,Hydrogen Evolution,Electricity,Annual [Fiscal],5181.688,5326.87,5436.252,5509.419,5596.641,5458.247,5309.826,5007.046,4700.636,4392.734,4085.562,3779.485,3475.878,4062.175,4595.254,5105.368,5590.58,6081.678,6483.65,6978.771,7649.558,8269.895,8771.67,9215.508,9613.046,9939.867,10188.816,10432.097
3,Residential Resistive Heat Demand,GWh,Electric Engagement,Electricity,Annual [Fiscal],5181.688,5326.87,5436.24,5509.428,5596.696,5458.389,5310.088,5007.441,4700.949,4393.098,4085.934,3780.786,3478.149,4555.164,5541.949,6470.009,7317.818,8116.802,8818.137,9649.407,10577.078,11459.069,12187.354,12832.85,13424.307,13863.388,14256.728,14642.921
3,Residential Resistive Heat Demand,GWh,Falling Behind,Electricity,Annual [Fiscal],5181.688,5326.87,5456.392,5507.353,5562.317,5443.587,5326.29,5103.863,4901.028,4704.005,4513.153,4328.415,4150.518,4040.078,3966.599,3978.247,4248.402,5564.867,9012.605,12062.308,14638.992,16711.183,18341.658,19611.96,20768.909,21943.713,23174.283,24418.109
3,Residential Resistive Heat Demand,GWh,Holistic Transition,Electricity,Annual [Fiscal],5181.688,5326.87,5437.721,5511.116,5599.759,5451.374,5280.317,4970.994,4661.024,4349.995,4040.706,3734.526,3430.649,3998.736,4507.161,4967.042,5375.308,5780.701,6106.499,6561.648,7139.628,7666.379,8093.157,8430.051,8727.018,8965.044,9189.951,9400.211
3,Residential Resistive Heat Demand,GWh,Ten Year Forecast,Electricity,Annual [Fiscal],5181.688,5326.87,5452.322,5517.628,5560.492,5387.817,5240.976,5016.034,4844.149,4646.937,4420.336,4165.402,3885.979,,,,,,,,,,,,,,,
3,Residential Smart Metering - Demand Reduction,GWh,Hydrogen Evolution,Electricity,Annual [Fiscal],499.656,638.557,769.548,897.258,1021.073,1138.098,1254.729,1369.122,1345.709,1324.625,1306.199,1288.018,1268.416,1266.501,1263.274,1260.194,1256.951,1261.621,1269.013,1278.377,1291.226,1303.61,1314.387,1324.267,1333.269,1340.894,1348.01,1356.693
3,Residential Smart Metering - Demand Reduction,GWh,Electric Engagement,Electricity,Annual [Fiscal],499.656,638.557,1154.323,1345.888,1531.611,1707.151,1882.101,2053.695,2018.573,1986.948,1959.31,1932.066,1902.692,1914.54,1923.312,1931.23,1937.244,1953.486,1973.553,1997.685,2024.665,2051.091,2074.051,2094.921,2114.242,2129.046,2144.053,2161.365
3,Residential Smart Metering - Demand Reduction,GWh,Falling Behind,Electricity,Annual [Fiscal],499.656,638.557,391.039,457.578,522.513,586.408,652.547,717.188,710.111,703.011,696.902,690.916,684.114,677.836,671.807,666.824,664.57,676.505,712.322,745.263,773.493,796.791,815.759,831.105,845.346,859.764,874.77,889.878
3,Residential Smart Metering - Demand Reduction,GWh,Holistic Transition,Electricity,Annual [Fiscal],499.656,638.557,1529.112,1774.393,2010.485,2234.828,2456.821,2665.835,2611.629,2562.284,2518.092,2474.743,2429.527,2419.779,2408.658,2397.63,2385.026,2385.728,2391.07,2402.043,2417.762,2432.081,2442.715,2450.564,2457.927,2462.98,2467.607,2471.382
3,Residential Smart Metering - Demand Reduction,GWh,Ten Year Forecast,Electricity,Annual [Fiscal],499.656,638.557,773.109,902.848,1028.719,1151.436,1325.533,1307.919,1291.502,1274.802,1259.982,1244.653,1227.157,,,,,,,,,,,,,,,
3,Residential Heat Pumps,GWh,Hydrogen Evolution,Electricity,Annual [Fiscal],952.897,1062.801,1273.795,1557.849,1926.81,2699.291,3776.76,5383.104,7350.396,9350.275,11763.829,14582.434,17443.664,20557.085,23622.73,26636.262,29607.923,32677.302,35601.562,38222.31,40710.02,43062.237,45020.596,46813.581,48410.145,49797.389,50938.876,52053.464
3,Residential Heat Pumps,GWh,Electric Engagement,Electricity,Annual [Fiscal],952.897,1062.801,1273.381,1557.607,1926.719,2699.498,3777.44,5387.913,7343.578,9535.198,12299.846,15229.266,18222.532,21965.327,25636.116,29213.331,32645.707,36067.629,39265.573,42280.782,45042.816,47693.772,49954.14,52008.515,53908.961,55504.469,57020.637,58504.928
3,Residential Heat Pumps,GWh,Falling Behind,Electricity,Annual [Fiscal],952.897,1062.801,1273.713,1519.267,1784.584,2320.699,2926.236,3472.455,4013.519,4823.25,5728.137,6629.202,7542.551,8481.964,9422.462,10381.322,11357.076,12395.521,13504.527,14583.768,15431.556,16213.495,16969.523,17708.414,18253.671,18736.692,19205.387,19653.187
3,Residential Heat Pumps,GWh,Holistic Transition,Electricity,Annual [Fiscal],952.897,1062.801,1270.366,1565.73,1891.067,2543.962,3513.725,4884.443,6613.675,8660.451,11274.185,14047.821,17002.069,20605.977,24125.845,27493.817,30644.767,33709.908,36531.191,39351.803,41889.624,44318.147,46448.213,48350.764,50082.564,51454.945,52726.911,53878.279
3,Residential Heat Pumps,GWh,Ten Year Forecast,Electricity,Annual [Fiscal],952.897,1062.801,1275.844,1541.458,1888.085,2516.176,3287.065,4077.691,4951.627,5785.168,6687.032,7637.731,8775.607,,,,,,,,,,,,,,,
3,Residential Electric Vehicles Demand (EVs),GWh,Hydrogen Evolution,Electricity,Annual [Fiscal],3258.641,4388.174,6188.619,8168.864,10507.691,13235.85,16387.437,20014.066,23996.168,28225.15,32526.488,36681.104,40531.054,43782.912,46398.475,48276.52,49426.813,50172.9,50381.4,50028.8,49590.5,50001.0,50184.6,50342.8,50471.2,50601.2,50740.6,50961.6
3,Residential Electric Vehicles Demand (EVs),GWh,Electric Engagement,Electricity,Annual [Fiscal],3258.641,4388.174,6230.346,8233.174,10604.098,13378.437,16588.692,20280.859,24347.521,28685.04,33122.541,37442.502,41487.542,44965.683,47835.228,49988.815,51437.346,52520.6,53303.7,54304.2,54732.1,54708.7,54790.5,54807.9,54739.2,54623.3,54475.9,54370.4
3,Residential Electric Vehicles Demand (EVs),GWh,Falling Behind,Electricity,Annual [Fiscal],3258.641,4388.174,5544.123,7039.433,8748.894,10694.552,12874.451,15275.097,17887.255,20672.388,23586.414,26611.435,29780.726,33126.603,36393.367,39444.853,42114.6,44421.0,46403.4,47916.2,48943.6,49486.5,49819.9,50440.1,50540.3,50591.8,50608.7,50733.4
3,Residential Electric Vehicles Demand (EVs),GWh,Holistic Transition,Electricity,Annual [Fiscal],3258.641,4388.174,6286.129,8323.647,10741.993,13581.419,16879.97,20689.549,24913.041,29456.268,34151.451,38778.224,43192.092,47093.892,50439.177,53111.419,55115.692,56926.3,58611.7,59692.6,59904.7,59864.7,59730.5,59491.7,59122.5,58656.8,58120.9,57586.5
3,Residential Electric Vehicles Demand (EVs),GWh,Ten Year Forecast,Electricity,Annual [Fiscal],3258.641,4388.174,5728.518,7334.268,9188.784,11316.404,13731.161,16454.653,19448.541,22681.06,26066.203,29481.074,32886.062,,,,,,,,,,,,,,,
3,Residential Air Conditioning Demand,GWh,Hydrogen Evolution,Electricity,Annual [Fiscal],307.131,312.734,331.176,357.109,384.598,413.748,444.98,478.469,514.457,553.06,594.418,638.68,686.102,736.982,791.421,849.636,911.839,984.042,1063.869,1149.9,1242.537,1342.585,1450.606,1567.203,1693.039,1828.829,1975.338,2133.513
3,Residential Air Conditioning Demand,GWh,Electric Engagement,Electricity,Annual [Fiscal],307.131,312.734,331.176,357.109,384.598,413.748,444.98,478.469,514.457,553.06,594.418,638.68,686.102,736.982,791.421,849.636,911.839,984.042,1063.869,1149.9,1242.537,1342.585,1450.606,1567.203,1693.039,1828.829,1975.338,2133.513
3,Residential Air Conditioning Demand,GWh,Falling Behind,Electricity,Annual [Fiscal],307.131,312.734,342.471,379.263,419.49,463.477,511.929,565.33,624.274,689.249,760.804,839.541,926.245,1021.813,1126.938,1242.517,1369.511,1517.886,1685.355,1870.857,2076.194,2303.978,2556.606,2836.726,3147.293,3491.573,3873.177,4296.349
3,Residential Air Conditioning Demand,GWh,Holistic Transition,Electricity,Annual [Fiscal],307.131,312.734,320.298,336.294,352.655,369.404,386.838,405.009,424.016,443.841,464.482,485.94,508.289,531.619,555.871,581.061,607.197,638.038,671.651,706.868,743.72,782.463,823.178,865.947,910.868,958.04,1007.567,1059.619
3,Residential Air Conditioning Demand,GWh,Ten Year Forecast,Electricity,Annual [Fiscal],307.131,312.734,337.732,369.9,404.633,442.143,482.992,527.505,576.095,629.057,686.723,749.455,817.756,,,,,,,,,,,,,,,
3,Residential District Heat Demand,GWh,Hydrogen Evolution,Electricity,Annual [Fiscal],140.833,143.516,177.542,245.646,317.029,391.691,469.631,537.94,655.929,773.918,891.907,1009.896,1127.885,1934.99,2742.096,3549.201,4356.307,5163.412,5808.139,6452.866,7097.593,7742.32,8387.047,8800.365,9213.683,9627.001,10040.319,10453.637
3,Residential District Heat Demand,GWh,Electric Engagement,Electricity,Annual [Fiscal],140.833,143.516,169.234,307.605,452.901,605.121,764.266,908.532,1176.965,1445.398,1713.832,1982.265,2250.699,3635.699,5020.7,6405.7,7790.701,9175.701,10259.758,11343.816,12427.873,13511.93,14595.987,15220.839,15845.691,16470.542,17095.394,17720.246
3,Residential District Heat Demand,GWh,Falling Behind,Electricity,Annual [Fiscal],140.833,143.516,180.569,281.447,387.296,498.114,613.902,717.441,910.287,1103.133,1295.979,1488.825,1681.671,1912.069,2142.467,2372.865,2603.263,2833.662,3482.307,4130.953,4779.599,5428.244,6076.89,6435.211,6793.532,7151.852,7510.173,7868.494
3,Residential District Heat Demand,GWh,Holistic Transition,Electricity,Annual [Fiscal],140.833,143.516,167.548,291.635,421.91,558.373,701.025,829.946,1081.349,1332.752,1584.155,1835.558,2086.961,3625.484,5164.007,6702.531,8241.054,9779.577,11079.464,12379.351,13679.238,14979.124,16279.011,16942.862,17606.712,18270.563,18934.414,19598.264
3,Residential District Heat Demand,GWh,Ten Year Forecast,Electricity,Annual [Fiscal],140.833,143.516,191.075,364.391,546.408,737.128,936.55,1117.846,1342.077,1566.308,1790.539,2014.77,2239.001,,,,,,,,,,,,,,,
5,Residential Micro-generation,GWh,Hydrogen Evolution,Electricity,Annual [Fiscal],5460.301,6355.608,6936.925,7518.243,8099.56,8680.878,9262.195,11553.27,10424.83,11006.148,11587.465,12168.783,12750.1,13331.418,13912.735,14494.053,15075.37,15656.688,16238.005,16819.323,17400.64,17981.958,18563.275,19144.593,19725.91,20307.228,20888.545,21469.863
5,Residential Micro-generation,GWh,Electric Engagement,Electricity,Annual [Fiscal],5460.301,6355.608,7414.429,8473.25,9532.071,10590.893,11649.714,12708.535,13767.356,14826.177,15884.999,16943.82,18002.641,19061.462,20120.283,21179.105,22237.926,23296.747,24355.568,25414.389,26473.211,27532.032,28590.853,29649.674,30708.495,31767.317,32826.138,33884.959
5,Residential Micro-generation,GWh,Falling Behind,Electricity,Annual [Fiscal],5460.301,6355.608,6772.584,7189.56,7606.536,8023.512,8440.488,8857.464,9274.44,9691.416,10108.392,10525.368,10942.344,11359.32,11776.296,12193.272,12610.248,13027.224,13444.2,13861.176,14278.152,14695.128,15112.104,15529.08,15946.056,16363.032,16780.008,17196.984
5,Residential Micro-generation,GWh,Holistic Transition,Electricity,Annual [Fiscal],5460.301,6355.608,7249.128,8142.648,9036.168,9929.688,10823.208,11716.728,12610.248,13503.768,14397.288,15290.808,16184.328,17077.848,17971.368,18864.888,19758.408,20651.928,21545.448,22438.968,23332.488,24226.008,25119.528,26013.048,26906.568,27800.088,28693.608,29587.128
5,Residential Micro-generation,GWh,Ten Year Forecast,Electricity,Annual [Fiscal],5460.301,6355.608,6807.474,7259.339,7711.205,8165.699,8620.193,9074.687,9518.669,9970.534,10422.4,10874.266,11326.132,,,,,,,,,,,,,,,
2,GBFES Customer Demand: Total Industrial (Electrolysis & District Heat included),GWh,Hydrogen Evolution,Electricity,Annual [Fiscal],72899.624,74480.855,75084.388,75854.797,76639.883,78902.473,80076.032,82315.837,83339.833,95299.032,102118.729,117105.955,146051.043,165915.432,169309.438,175708.903,187668.55,194490.995,214965.069,230666.647,251978.241,269752.217,272843.57,279653.165,294688.614,295575.466,306894.401,301091.765
2,GBFES Customer Demand: Total Industrial (Electrolysis & District Heat included),GWh,Electric Engagement,Electricity,Annual [Fiscal],72899.624,74480.855,74935.853,75769.013,77722.557,80798.523,84333.737,88947.979,93716.101,97733.363,102145.943,108067.69,115905.634,125123.54,144487.819,154290.637,160023.57,170055.251,178325.456,187795.924,193868.79,194117.61,195635.999,198048.914,203574.248,210046.456,212310.538,213125.753
2,GBFES Customer Demand: Total Industrial (Electrolysis & District Heat included),GWh,Falling Behind,Electricity,Annual [Fiscal],72899.624,74480.855,75803.353,76633.107,77488.781,78719.101,79840.392,80635.249,81544.566,82388.834,83335.334,84447.93,85852.507,87334.734,89440.925,90576.351,92646.495,95000.855,96862.993,98041.627,99224.273,101222.085,102976.565,105062.509,107303.982,110003.353,112314.139,114278.522
2,GBFES Customer Demand: Total Industrial (Electrolysis & District Heat included),GWh,Holistic Transition,Electricity,Annual [Fiscal],72899.624,74480.855,74772.781,75627.591,78244.91,83456.365,86161.74,88940.809,93025.156,96370.147,100021.814,103322.793,109728.408,117235.989,124477.038,130395.48,134730.451,144737.769,147441.33,152140.608,158162.559,161200.835,170206.709,178579.726,183707.961,188551.468,193449.009,193256.119
2,GBFES Customer Demand: Total Industrial (Electrolysis & District Heat included),GWh,Ten Year Forecast,Electricity,Annual [Fiscal],72899.624,74480.855,75882.437,76768.014,77935.85,80378.651,82662.662,84228.776,86760.75,90722.596,95103.257,98084.902,100180.306,,,,,,,,,,,,,,,
3,GBFES Customer Demand: Networked Electrolysis,GWh,Hydrogen Evolution,Electricity,Annual [Fiscal],30.0,60.0,40.0,330.0,490.0,1810.0,2260.0,3860.0,3920.0,14920.0,20750.0,34610.0,62160.0,80280.0,82220.0,87460.0,98250.0,103780.0,124130.0,139830.0,161110.0,178880.0,182020.0,188900.0,204070.0,204810.0,216180.0,210240.0
3,GBFES Customer Demand: Networked Electrolysis,GWh,Electric Engagement,Electricity,Annual [Fiscal],30.0,60.0,40.0,170.0,290.0,1080.0,1910.0,3580.0,5070.0,5360.0,5500.0,5730.0,7360.0,11060.0,26120.0,32620.0,35440.0,42690.0,49950.0,58890.0,64350.0,64050.0,65360.0,67550.0,72860.0,79130.0,81230.0,81910.0
3,GBFES Customer Demand: Networked Electrolysis,GWh,Falling Behind,Electricity,Annual [Fiscal],30.0,60.0,10.0,170.0,230.0,350.0,530.0,530.0,540.0,570.0,890.0,1520.0,2340.0,3100.0,4550.0,5010.0,6030.0,6940.0,8150.0,8630.0,8760.0,9590.0,10360.0,11340.0,12320.0,13570.0,14550.0,15210.0
3,GBFES Customer Demand: Networked Electrolysis,GWh,Holistic Transition,Electricity,Annual [Fiscal],30.0,60.0,40.0,170.0,420.0,2930.0,3310.0,3830.0,5460.0,6290.0,7550.0,8280.0,11970.0,16630.0,21980.0,27600.0,31300.0,40340.0,42980.0,47770.0,53710.0,56640.0,65790.0,74250.0,79390.0,84120.0,88970.0,88710.0
3,GBFES Customer Demand: Networked Electrolysis,GWh,Ten Year Forecast,Electricity,Annual [Fiscal],30.0,60.0,40.0,150.0,350.0,1680.0,2830.0,3390.0,4610.0,7050.0,10130.0,11860.0,12900.0,,,,,,,,,,,,,,,
3,GBFES Customer Demand: Total Industrial (Excluding Electrolysis),GWh,Hydrogen Evolution,Electricity,Annual [Fiscal],72869.624,74420.855,75044.388,75524.797,76149.883,77092.473,77816.032,78455.837,79419.833,80379.032,81368.729,82495.955,83891.043,85635.432,87089.438,88248.903,89418.55,90710.995,90835.069,90836.647,90868.241,90872.217,90823.57,90753.165,90618.614,90765.466,90714.401,90851.765
3,GBFES Customer Demand: Total Industrial (Excluding Electrolysis),GWh,Electric Engagement,Electricity,Annual [Fiscal],72869.624,74420.855,74895.853,75599.013,77432.557,79718.523,82423.737,85367.979,88646.101,92373.363,96645.943,102337.69,108545.634,114063.54,118367.819,121670.637,124583.57,127365.251,128375.456,128905.924,129518.79,130067.61,130275.999,130498.914,130714.248,130916.456,131080.538,131215.753
3,GBFES Customer Demand: Total Industrial (Excluding Electrolysis),GWh,Falling Behind,Electricity,Annual [Fiscal],72869.624,74420.855,75793.353,76463.107,77258.781,78369.101,79310.392,80105.249,81004.566,81818.834,82445.334,82927.93,83512.507,84234.734,84890.925,85566.351,86616.495,88060.855,88712.993,89411.627,90464.273,91632.085,92616.565,93722.509,94983.982,96433.353,97764.139,99068.522
3,GBFES Customer Demand: Total Industrial (Excluding Electrolysis),GWh,Holistic Transition,Electricity,Annual [Fiscal],72869.624,74420.855,74732.781,75457.591,77824.91,80526.365,82851.74,85110.809,87565.156,90080.147,92471.814,95042.793,97758.408,100605.989,102497.038,102795.48,103430.451,104397.769,104461.33,104370.608,104452.559,104560.835,104416.709,104329.726,104317.961,104431.468,104479.009,104546.119
3,GBFES Customer Demand: Total Industrial (Excluding Electrolysis),GWh,Ten Year Forecast,Electricity,Annual [Fiscal],72869.624,74420.855,75842.437,76618.014,77585.85,78698.651,79832.662,80838.776,82150.75,83672.596,84973.257,86224.902,87280.306,,,,,,,,,,,,,,,
2,GBFES Customer Demand: Underlying Commercial including unmetered demand,GWh,Hydrogen Evolution,Electricity,Annual [Fiscal],87125.352,90929.592,93832.37,96133.21,99026.978,102436.263,107067.557,113738.679,118876.125,126085.806,133139.771,140292.765,147896.068,156605.323,165325.119,173923.217,182335.901,190698.868,198788.686,206542.334,213566.236,218619.989,223042.302,227149.213,230937.929,234150.296,237538.462,241186.647
2,GBFES Customer Demand: Underlying Commercial including unmetered demand,GWh,Electric Engagement,Electricity,Annual [Fiscal],87125.352,90929.592,92794.238,95246.864,98796.133,103230.078,109792.954,116153.853,123361.912,131837.745,140243.962,148919.01,158344.922,169647.426,181308.183,193293.966,205552.25,216929.412,227461.287,236550.968,244876.482,252308.167,259048.427,264733.253,268808.377,272429.632,276067.355,279744.36
2,GBFES Customer Demand: Underlying Commercial including unmetered demand,GWh,Falling Behind,Electricity,Annual [Fiscal],87125.352,90929.592,93700.983,95319.897,97230.884,99291.398,102839.334,106853.052,111576.037,116584.724,121725.324,127012.306,132280.492,137615.766,142849.012,148318.298,153946.384,159807.023,165520.533,170859.215,176050.174,181689.256,188619.231,193990.544,198996.735,203857.038,208463.703,213269.832
2,GBFES Customer Demand: Underlying Commercial including unmetered demand,GWh,Holistic Transition,Electricity,Annual [Fiscal],87125.352,90929.592,93036.061,95613.985,98903.102,102621.71,107781.671,113808.114,120638.473,128534.625,136390.723,144476.878,152731.841,162835.741,173201.837,183825.662,194470.659,204238.702,213103.173,221215.109,228440.442,234888.445,240507.958,245138.755,248397.468,251311.539,254234.973,257154.114
2,GBFES Customer Demand: Underlying Commercial including unmetered demand,GWh,Ten Year Forecast,Electricity,Annual [Fiscal],87125.352,90929.592,91849.703,93236.241,95620.693,99028.58,104648.944,110422.17,116861.628,123914.939,130243.905,135143.06,140268.332,,,,,,,,,,,,,,,
3,Commercial Micro-generation,GWh,Hydrogen Evolution,Electricity,Annual [Fiscal],3441.85,3467.458,3489.036,3505.372,3521.709,3540.116,3558.523,4840.805,3548.214,3568.062,3589.855,3612.451,3634.866,3661.459,3687.034,3713.225,3738.905,3763.443,3789.306,3810.202,3825.961,3837.04,3845.518,3849.098,3846.201,3842.833,3835.708,3884.673
3,Commercial Micro-generation,GWh,Electric Engagement,Electricity,Annual [Fiscal],3441.85,3467.458,3508.453,3549.447,3590.442,3631.436,3672.431,3713.425,3754.42,3795.414,3836.409,3877.403,3918.398,3959.392,4000.387,4041.381,4082.376,4123.37,4164.365,4205.359,4246.354,4287.348,4328.343,4369.337,4410.332,4451.326,4492.321,4533.316
3,Commercial Micro-generation,GWh,Falling Behind,Electricity,Annual [Fiscal],3441.85,3467.458,3493.169,3518.879,3544.59,3570.3,3596.011,3621.721,3647.431,3673.142,3698.852,3724.563,3750.273,3775.984,3801.694,3827.405,3853.115,3878.825,3904.536,3930.246,3955.957,3981.667,4007.378,4033.088,4058.798,4084.509,4110.219,4135.93
3,Commercial Micro-generation,GWh,Holistic Transition,Electricity,Annual [Fiscal],3441.85,3467.458,3490.106,3512.753,3535.4,3558.048,3608.078,3662.672,3723.655,3794.223,3880.764,3999.251,3719.69,3770.47,3821.251,3872.031,3922.812,3973.592,4024.373,4075.153,4125.934,4176.714,4227.495,4278.275,4329.056,4379.837,4430.617,4481.398
3,Commercial Micro-generation,GWh,Ten Year Forecast,Electricity,Annual [Fiscal],3441.85,3467.458,3502.969,3538.48,3573.991,3609.501,3645.012,3680.523,3716.034,3751.545,3787.055,3822.566,3858.077,,,,,,,,,,,,,,,
3,GBFES Customer Demand: Commercial electricity demand at the meter,GWh,Hydrogen Evolution,Electricity,Annual [Fiscal],83683.502,87462.133,90343.334,92627.838,95505.269,98896.147,103509.034,108897.873,115327.91,122517.744,129549.916,136680.314,144261.202,152943.864,161638.085,170209.992,178596.996,186935.425,194999.38,202732.132,209740.275,214782.949,219196.785,223300.115,227091.728,230307.463,233702.754,237301.974
3,GBFES Customer Demand: Commercial electricity demand at the meter,GWh,Electric Engagement,Electricity,Annual [Fiscal],83683.502,87462.133,89285.785,91697.417,95205.691,99598.641,106120.523,112440.427,119607.492,128042.331,136407.553,145041.606,154426.524,165688.034,177307.796,189252.584,201469.874,212806.042,223296.922,232345.608,240630.128,248020.819,254720.084,260363.916,264398.045,267978.305,271575.034,275211.045
3,GBFES Customer Demand: Commercial electricity demand at the meter,GWh,Falling Behind,Electricity,Annual [Fiscal],83683.502,87462.133,90207.814,91801.017,93686.295,95721.098,99243.323,103231.331,107928.605,112911.582,118026.472,123287.743,128530.219,133839.783,139047.318,144490.893,150093.269,155928.197,161615.997,166928.969,172094.217,177707.589,184611.854,189957.456,194937.936,199772.529,204353.484,209133.902
3,GBFES Customer Demand: Commercial electricity demand at the meter,GWh,Holistic Transition,Electricity,Annual [Fiscal],83683.502,87462.133,89545.955,92101.232,95367.701,99063.662,104173.593,110145.442,116914.817,124740.402,132509.959,140477.627,149012.152,159065.271,169380.586,179953.631,190547.847,200265.11,209078.8,217139.955,224314.508,230711.731,236280.463,240860.48,244068.412,246931.702,249804.356,252672.716
3,GBFES Customer Demand: Commercial electricity demand at the meter,GWh,Ten Year Forecast,Electricity,Annual [Fiscal],83683.502,87462.133,88346.734,89697.761,92046.703,95419.079,101003.932,106741.647,113145.594,120163.395,126456.849,131320.494,136410.255,,,,,,,,,,,,,,,
4,Commercial electricity demand at the meter with EVs deducted,GWh,Hydrogen Evolution,Electricity,Annual [Fiscal],82434.935,85710.869,87635.034,88866.838,90413.969,92135.647,94668.634,97481.673,100850.11,104610.844,107937.016,111062.614,114318.502,118822.464,123249.885,127650.992,132148.696,136594.625,140960.38,145164.432,149229.475,152984.249,156371.485,159446.415,162367.628,165271.663,168256.654,171288.574
4,Commercial electricity demand at the meter with EVs deducted,GWh,Electric Engagement,Electricity,Annual [Fiscal],82434.935,85710.869,86570.885,87923.617,90091.591,92798.741,97215.423,100923.627,104945.892,109752.231,114137.253,118402.006,123022.124,129431.634,135797.896,142064.684,148323.274,154315.842,159949.722,165197.708,170138.428,174688.119,178939.184,182782.016,186540.445,190251.405,194020.234,197833.245
4,Commercial electricity demand at the meter with EVs deducted,GWh,Falling Behind,Electricity,Annual [Fiscal],82434.935,85710.869,87966.114,88881.017,89956.395,91024.898,93404.423,96051.131,99182.705,102356.882,105400.272,108297.943,110847.119,113130.683,115103.518,117153.293,119201.869,121270.697,123271.397,125299.969,127459.417,129436.589,131007.554,132414.956,133853.336,135184.929,136281.084,137590.902
4,Commercial electricity demand at the meter with EVs deducted,GWh,Holistic Transition,Electricity,Annual [Fiscal],82434.935,85710.869,86814.955,88302.932,90222.801,92231.162,95244.393,98633.542,102331.517,106685.902,110695.859,114589.427,118747.952,124405.771,130000.286,135547.931,141009.647,146272.71,151319.7,156035.655,160406.608,164310.931,167663.963,170779.28,174105.512,177396.802,180754.256,184146.716
4,Commercial electricity demand at the meter with EVs deducted,GWh,Ten Year Forecast,Electricity,Annual [Fiscal],82434.935,85710.869,85966.334,86523.761,87894.103,90060.979,94165.932,98088.247,102289.894,106666.295,109870.649,111250.294,112491.955,,,,,,,,,,,,,,,
4,Commercial Electric Vehicles Demand (EVs),GWh,Hydrogen Evolution,Electricity,Annual [Fiscal],1248.567,1751.264,2708.3,3761.0,5091.3,6760.5,8840.4,11416.2,14477.8,17906.9,21612.9,25617.7,29942.7,34121.4,38388.2,42559.0,46448.3,50340.8,54039.0,57567.7,60510.8,61798.7,62825.3,63853.7,64724.1,65035.8,65446.1,66013.4
4,Commercial Electric Vehicles Demand (EVs),GWh,Electric Engagement,Electricity,Annual [Fiscal],1248.567,1751.264,2714.9,3773.8,5114.1,6799.9,8905.1,11516.8,14661.6,18290.1,22270.3,26639.6,31404.4,36256.4,41509.9,47187.9,53146.6,58490.2,63347.2,67147.9,70491.7,73332.7,75780.9,77581.9,77857.6,77726.9,77554.8,77377.8
4,Commercial Electric Vehicles Demand (EVs),GWh,Falling Behind,Electricity,Annual [Fiscal],1248.567,1751.264,2241.7,2920.0,3729.9,4696.2,5838.9,7180.2,8745.9,10554.7,12626.2,14989.8,17683.1,20709.1,23943.8,27337.6,30891.4,34657.5,38344.6,41629.0,44634.8,48271.0,53604.3,57542.5,61084.6,64587.6,68072.4,71543.0
4,Commercial Electric Vehicles Demand (EVs),GWh,Holistic Transition,Electricity,Annual [Fiscal],1248.567,1751.264,2731.0,3798.3,5144.9,6832.5,8929.2,11511.9,14583.3,18054.5,21814.1,25888.2,30264.2,34659.5,39380.3,44405.7,49538.2,53992.4,57759.1,61104.3,63907.9,66400.8,68616.5,70081.2,69962.9,69534.9,69050.1,68526.0
4,Commercial Electric Vehicles Demand (EVs),GWh,Ten Year Forecast,Electricity,Annual [Fiscal],1248.567,1751.264,2380.4,3174.0,4152.6,5358.1,6838.0,8653.4,10855.7,13497.1,16586.2,20070.2,23918.3,,,,,,,,,,,,,,,
2,GBFES System Losses: Transmission,GWh,Hydrogen Evolution,Electricity,Annual [Fiscal],6225.66,5894.558,5922.537,5996.836,6073.624,6208.944,6377.963,6567.31,6847.021,7165.337,7504.131,7839.781,8197.74,8670.738,9131.397,9548.783,9932.378,10321.505,10656.854,10958.41,11242.084,11487.654,11688.224,11870.277,12041.846,12218.647,12384.252,12559.6
2,GBFES System Losses: Transmission,GWh,Electric Engagement,Electricity,Annual [Fiscal],6225.66,5894.558,5867.114,5930.399,6040.445,6222.346,6480.93,6743.414,7099.978,7521.732,7982.627,8473.175,9004.167,9700.346,10359.455,10966.174,11528.978,12059.698,12512.71,12920.635,13290.617,13614.243,13895.934,14154.629,14365.21,14571.441,14766.084,14958.876
2,GBFES System Losses: Transmission,GWh,Falling Behind,Electricity,Annual [Fiscal],6225.66,5894.558,6011.974,6072.102,6159.73,6282.29,6465.322,6632.165,6824.306,7032.178,7250.948,7471.38,7696.039,7953.698,8216.596,8479.308,8751.757,9068.606,9431.437,9771.316,10080.921,10377.462,10681.717,10937.237,11166.716,11403.58,11640.345,11892.271
2,GBFES System Losses: Transmission,GWh,Holistic Transition,Electricity,Annual [Fiscal],6225.66,5894.558,5862.016,5888.427,5992.496,6149.439,6350.369,6598.367,6907.924,7259.067,7641.719,8034.179,8478.417,9003.488,9504.611,9946.859,10358.084,10741.484,11076.951,11378.838,11631.716,11852.732,12047.521,12221.834,12376.209,12524.437,12660.399,12784.107
2,GBFES System Losses: Transmission,GWh,Ten Year Forecast,Electricity,Annual [Fiscal],6225.66,5894.558,5926.229,5970.572,6058.517,6216.231,6438.17,6653.393,6914.795,7211.673,7501.321,7737.017,7979.443,,,,,,,,,,,,,,,
2,GBFES System Losses: Distribution ,GWh,Hydrogen Evolution,Electricity,Annual [Fiscal],16351.486,16975.048,17151.175,17341.311,17627.575,18019.933,18548.557,19174.27,19952.711,20802.691,21682.446,22591.373,23519.953,24711.703,25836.418,26882.684,27867.102,28866.727,29723.073,30514.318,31255.906,31907.214,32458.493,32950.894,33396.286,33797.908,34175.418,34590.096
2,GBFES System Losses: Distribution ,GWh,Electric Engagement,Electricity,Annual [Fiscal],16351.486,16975.048,17050.027,17264.741,17673.377,18222.557,19009.498,19851.538,20842.761,21982.583,23203.212,24533.632,25922.899,27694.399,29357.554,30919.194,32409.562,33833.499,35041.989,36156.561,37172.389,38081.508,38883.437,39555.03,40094.108,40556.078,41008.045,41468.683
2,GBFES System Losses: Distribution ,GWh,Falling Behind,Electricity,Annual [Fiscal],16351.486,16975.048,17259.212,17406.581,17615.021,17902.377,18329.658,18763.903,19282.725,19844.22,20424.872,21014.954,21616.929,22266.449,22904.771,23555.416,24236.843,25037.503,25940.72,26776.936,27539.859,28273.673,29038.187,29682.975,30261.052,30838.66,31395.935,31974.845
2,GBFES System Losses: Distribution ,GWh,Holistic Transition,Electricity,Annual [Fiscal],16351.486,16975.048,17002.241,17203.582,17607.457,18119.278,18772.624,19512.631,20407.083,21419.742,22473.088,23554.387,24671.519,26080.85,27400.841,28580.32,29722.094,30834.624,31799.201,32680.887,33442.612,34125.497,34702.25,35148.583,35491.822,35786.872,36068.427,36345.581
2,GBFES System Losses: Distribution ,GWh,Ten Year Forecast,Electricity,Annual [Fiscal],16351.486,16975.048,17069.689,17205.431,17459.674,17839.899,18425.52,19022.172,19713.474,20466.22,21175.628,21787.901,22403.415,,,,,,,,,,,,,,,
2,GBFES Customer Demand: Direct Transmission Customers,GWh,Hydrogen Evolution,Electricity,Annual [Fiscal],1886.0,1616.0,2440.54,3057.08,3674.62,4292.16,4908.7,4942.7,4851.87,4760.04,4669.21,4661.6,4321.11,3979.62,3639.13,3298.64,2958.15,2784.1,2759.846,2735.592,2711.338,2687.084,2662.83,2638.576,2614.322,2640.0,2674.0,2708.0
2,GBFES Customer Demand: Direct Transmission Customers,GWh,Electric Engagement,Electricity,Annual [Fiscal],1886.0,1616.0,2440.54,3057.08,3674.62,4292.16,4908.7,4942.7,4851.87,4760.04,4669.21,4661.6,4321.11,3979.62,3639.13,3298.64,2958.15,2784.1,2759.846,2735.592,2711.338,2687.084,2662.83,2638.576,2614.322,2640.0,2674.0,2708.0
2,GBFES Customer Demand: Direct Transmission Customers,GWh,Falling Behind,Electricity,Annual [Fiscal],1886.0,1616.0,2440.54,3057.08,3674.62,4292.16,4908.7,4942.7,4851.87,4760.04,4669.21,4661.6,4321.11,3979.62,3639.13,3298.64,2958.15,2784.1,2759.846,2735.592,2711.338,2687.084,2662.83,2638.576,2614.322,2640.0,2674.0,2708.0
2,GBFES Customer Demand: Direct Transmission Customers,GWh,Holistic Transition,Electricity,Annual [Fiscal],1886.0,1616.0,2440.54,3057.08,3674.62,4292.16,4908.7,4942.7,4851.87,4760.04,4669.21,4661.6,4321.11,3979.62,3639.13,3298.64,2958.15,2784.1,2759.846,2735.592,2711.338,2687.084,2662.83,2638.576,2614.322,2640.0,2674.0,2708.0
2,GBFES Customer Demand: Direct Transmission Customers,GWh,Ten Year Forecast,Electricity,Annual [Fiscal],1886.0,1616.0,2440.54,3057.08,3674.62,4292.16,4908.7,4942.7,4851.87,4760.04,4669.21,4661.6,4321.11,,,,,,,,,,,,,,,
5,I&C Rail Traction Demand,GWh,Hydrogen Evolution,Electricity,Annual [Fiscal],4763.104,4829.744,4957.599,5061.309,5167.189,5275.284,5385.641,5498.305,5613.327,5730.755,5850.639,5973.032,6097.985,6225.551,6355.787,6488.746,6624.488,6763.069,6904.548,7048.988,7196.449,7346.995,7500.691,7657.601,7817.794,7981.339,8148.304,8318.762
5,I&C Rail Traction Demand,GWh,Electric Engagement,Electricity,Annual [Fiscal],4763.104,4829.744,4979.155,5100.79,5225.397,5353.047,5483.816,5617.78,5755.016,5895.604,6039.627,6187.168,6338.314,6493.152,6651.772,6814.267,6980.732,7151.264,7325.961,7504.926,7688.263,7876.078,8068.482,8265.586,8467.505,8674.356,8886.261,9103.342
5,I&C Rail Traction Demand,GWh,Falling Behind,Electricity,Annual [Fiscal],4763.104,4829.744,4890.725,4939.632,4989.028,5038.919,5089.308,5140.201,5191.603,5243.519,5295.954,5348.914,5402.403,5456.427,5510.991,5566.101,5621.762,5677.98,5734.759,5792.107,5850.028,5908.528,5967.614,6027.29,6087.563,6148.438,6209.923,6272.022
5,I&C Rail Traction Demand,GWh,Holistic Transition,Electricity,Annual [Fiscal],4763.104,4829.744,5009.655,5156.867,5308.406,5464.397,5624.972,5790.266,5960.418,6135.569,6315.867,6501.463,6692.514,6889.178,7091.622,7300.014,7514.531,7735.351,7962.66,8196.648,8437.513,8685.455,8940.684,9203.412,9473.861,9752.258,10038.835,10333.834
5,I&C Rail Traction Demand,GWh,Ten Year Forecast,Electricity,Annual [Fiscal],4763.104,4829.744,4945.822,5039.792,5135.548,5233.124,5332.553,5433.872,5537.115,5642.32,5749.524,5858.765,5970.082,,,,,,,,,,,,,,,
5,Data Centre Demand,GWh,Hydrogen Evolution,Electricity,Annual [Fiscal],7400.0,7538.0,8651.0,9735.0,11241.0,13111.0,15318.0,17700.0,20220.0,22914.0,25312.0,27490.0,29529.0,31382.0,33159.0,34804.0,36495.0,38132.0,39705.0,41216.0,42709.0,44132.0,45430.0,46664.0,47856.0,49012.0,50139.0,51242.0
5,Data Centre Demand,GWh,Electric Engagement,Electricity,Annual [Fiscal],7400.0,7565.0,9343.0,10912.0,13090.0,15946.0,20807.0,24742.0,28332.0,31745.0,34872.0,37744.0,40665.0,43580.0,46498.0,49315.0,51996.0,54479.0,56831.0,58855.0,60678.0,62329.0,63884.0,65356.0,66757.0,68098.0,69352.0,70562.0
5,Data Centre Demand,GWh,Falling Behind,Electricity,Annual [Fiscal],7400.0,7518.0,8014.0,8400.0,9387.0,10764.0,11941.0,13166.0,14482.0,15852.0,17489.0,18679.0,19734.0,20753.0,21669.0,22453.0,23195.0,23953.0,24696.0,25407.0,26070.0,26704.0,27357.0,27986.0,28594.0,29184.0,29766.0,30334.0
5,Data Centre Demand,GWh,Holistic Transition,Electricity,Annual [Fiscal],7400.0,7565.0,9259.0,10864.0,13120.0,15950.0,19271.0,22791.0,25995.0,29059.0,31919.0,34529.0,37163.0,39782.0,42406.0,44953.0,47397.0,49678.0,51867.0,53796.0,55559.0,57165.0,58687.0,60136.0,61519.0,62845.0,64101.0,65317.0
5,Data Centre Demand,GWh,Ten Year Forecast,Electricity,Annual [Fiscal],7400.0,7738.0,8129.0,8929.0,10460.0,13108.0,16593.0,20099.0,23343.0,26600.0,29355.0,31427.0,33211.0,,,,,,,,,,,,,,,
1,GBFES Peak Customer Demand: Total Consumption plus Losses ,GW,Hydrogen Evolution,Electricity,Peak,57.464,58.339,58.54,58.74,59.317,60.287,61.621,63.572,65.881,68.32,70.975,73.906,76.889,81.063,85.327,89.52,93.725,98.135,101.741,105.087,108.414,111.266,113.452,115.502,117.409,119.14,120.716,122.475
1,GBFES Peak Customer Demand: Total Consumption plus Losses ,GW,Electric Engagement,Electricity,Peak,57.464,58.339,58.15,58.406,59.196,60.352,62.272,64.693,67.332,70.313,73.951,77.807,82.042,88.225,94.352,100.245,106.013,111.964,116.901,121.224,125.198,128.828,131.945,134.58,137.137,139.231,141.414,143.625
1,GBFES Peak Customer Demand: Total Consumption plus Losses ,GW,Falling Behind,Electricity,Peak,57.464,58.339,59.206,59.505,59.991,60.766,62.066,63.397,64.946,66.515,68.206,69.977,71.732,73.581,75.37,77.232,79.324,82.127,85.79,89.298,92.345,95.336,97.99,100.018,101.899,103.642,105.297,107.059
1,GBFES Peak Customer Demand: Total Consumption plus Losses ,GW,Holistic Transition,Electricity,Peak,57.464,58.339,58.153,58.101,58.727,59.397,60.526,62.09,63.972,66.288,68.827,71.495,74.341,79.068,83.568,87.935,92.158,96.508,100.069,103.403,106.546,109.237,111.468,113.366,115.152,116.858,118.423,120.05
1,GBFES Peak Customer Demand: Total Consumption plus Losses ,GW,Ten Year Forecast,Electricity,Peak,57.464,58.339,58.809,58.923,59.403,60.215,61.735,63.552,65.261,67.232,68.965,70.476,71.914,,,,,,,,,,,,,,,
2,"GBFES Peak System Demand: All Residential plus Losses (Smart EV Charging, no Micro-generation)",GW,Hydrogen Evolution,Electricity,Peak,23.796,23.803,23.331,22.912,22.759,22.847,23.046,23.729,24.617,25.625,26.861,28.302,29.784,31.844,34.025,36.151,38.332,40.531,42.423,44.127,45.963,47.745,49.128,50.466,51.672,52.61,53.486,54.362
2,"GBFES Peak System Demand: All Residential plus Losses (Smart EV Charging, no Micro-generation)",GW,Electric Engagement,Electricity,Peak,23.796,23.803,23.166,22.754,22.484,22.323,22.374,22.912,23.562,24.395,25.68,27.076,28.534,31.469,34.43,37.316,40.103,43.079,45.723,48.263,50.55,52.732,54.586,56.29,57.858,59.157,60.398,61.635
2,"GBFES Peak System Demand: All Residential plus Losses (Smart EV Charging, no Micro-generation)",GW,Falling Behind,Electricity,Peak,23.796,23.803,23.72,23.514,23.409,23.48,23.721,24.013,24.453,24.923,25.596,26.288,26.984,27.665,28.357,28.999,29.804,31.222,33.714,36.042,37.911,39.512,40.884,41.845,42.739,43.487,44.242,45.091
2,"GBFES Peak System Demand: All Residential plus Losses (Smart EV Charging, no Micro-generation)",GW,Holistic Transition,Electricity,Peak,23.796,23.803,23.0,22.218,21.755,21.283,20.875,20.749,20.97,21.461,22.297,23.276,24.411,26.636,28.894,31.174,33.335,35.644,37.673,39.586,41.51,43.215,44.675,45.874,47.048,47.981,48.849,49.637
2,"GBFES Peak System Demand: All Residential plus Losses (Smart EV Charging, no Micro-generation)",GW,Ten Year Forecast,Electricity,Peak,23.796,23.803,23.42,23.054,22.797,22.717,22.848,23.205,23.506,23.908,24.269,24.77,25.229,,,,,,,,,,,,,,,
3,"Residential Peak Sub Total (Appliances, Light)",GW,Hydrogen Evolution,Electricity,Peak,18.516,18.316,17.584,17.029,16.556,16.147,15.833,15.6,15.388,15.204,15.053,14.905,14.739,14.571,14.4,14.237,14.078,14.014,14.006,14.0,13.993,13.993,14.002,14.014,14.027,14.04,14.067,14.114
3,"Residential Peak Sub Total (Appliances, Light)",GW,Electric Engagement,Electricity,Peak,18.516,18.316,17.584,17.029,16.556,16.147,15.833,15.6,15.388,15.204,15.053,14.905,14.739,14.571,14.4,14.237,14.078,14.014,14.006,14.0,13.993,13.993,14.002,14.014,14.027,14.04,14.067,14.114
3,"Residential Peak Sub Total (Appliances, Light)",GW,Falling Behind,Electricity,Peak,18.516,18.316,17.887,17.397,16.985,16.684,16.517,16.379,16.255,16.128,16.025,15.923,15.8,15.673,15.542,15.417,15.295,15.265,15.298,15.358,15.419,15.482,15.547,15.612,15.678,15.744,15.81,15.876
3,"Residential Peak Sub Total (Appliances, Light)",GW,Holistic Transition,Electricity,Peak,18.516,18.316,17.469,16.847,16.285,15.831,15.481,15.164,14.907,14.68,14.485,14.293,14.09,13.891,13.697,13.516,13.339,13.243,13.196,13.151,13.106,13.064,13.025,12.99,12.963,12.935,12.908,12.88
3,"Residential Peak Sub Total (Appliances, Light)",GW,Ten Year Forecast,Electricity,Peak,18.516,18.316,17.745,17.232,16.739,16.392,16.171,15.994,15.82,15.649,15.509,15.37,15.208,,,,,,,,,,,,,,,
3,Residential Peak Shifting (Smart/TOUTs effect),GW,Hydrogen Evolution,Electricity,Peak,0.0,0.0,0.0,0.034,0.044,0.056,0.073,0.094,0.155,0.197,0.246,0.305,0.376,0.557,0.654,0.746,0.835,0.921,1.067,1.117,1.153,1.151,1.151,1.151,1.151,1.15,1.151,1.154
3,Residential Peak Shifting (Smart/TOUTs effect),GW,Electric Engagement,Electricity,Peak,0.0,0.0,0.044,0.088,0.227,0.293,0.376,0.469,0.576,0.846,0.982,1.109,1.216,1.299,1.359,1.398,1.414,1.407,1.407,1.405,1.404,1.402,1.401,1.401,1.401,1.401,1.402,1.405
3,Residential Peak Shifting (Smart/TOUTs effect),GW,Falling Behind,Electricity,Peak,0.0,0.0,0.0,0.0,0.0,0.0,0.008,0.011,0.018,0.029,0.037,0.048,0.062,0.078,0.099,0.123,0.152,0.188,0.232,0.282,0.339,0.404,0.477,0.553,0.642,0.735,0.829,0.922
3,Residential Peak Shifting (Smart/TOUTs effect),GW,Holistic Transition,Electricity,Peak,0.0,0.0,0.071,0.262,0.337,0.434,0.553,0.691,0.849,1.003,1.153,1.285,1.387,1.457,1.497,1.513,1.51,1.507,1.51,1.505,1.5,1.495,1.49,1.491,1.483,1.48,1.477,1.473
3,Residential Peak Shifting (Smart/TOUTs effect),GW,Ten Year Forecast,Electricity,Peak,0.0,0.0,0.0,0.038,0.129,0.127,0.125,0.123,0.122,0.121,0.12,0.119,0.117,,,,,,,,,,,,,,,
3,Residential EVs at Peak,GW,Hydrogen Evolution,Electricity,Peak,0.308,0.401,0.6,0.7,0.9,1.2,1.4,1.7,2.0,2.3,2.5,2.7,2.9,3.1,3.3,3.4,3.5,3.5,3.5,3.4,3.4,3.4,3.3,3.3,3.3,3.2,3.2,3.2
3,Residential EVs at Peak,GW,Electric Engagement,Electricity,Peak,0.308,0.401,0.5,0.6,0.8,0.9,1.0,1.2,1.3,1.5,1.6,1.7,1.8,2.0,2.2,2.3,2.3,2.4,2.4,2.5,2.5,2.5,2.5,2.5,2.5,2.5,2.5,2.5
3,Residential EVs at Peak,GW,Falling Behind,Electricity,Peak,0.308,0.401,0.5,0.7,0.9,1.1,1.3,1.5,1.8,2.0,2.3,2.6,2.9,3.2,3.5,3.7,3.9,4.1,4.2,4.3,4.3,4.3,4.3,4.2,4.2,4.1,4.0,4.0
3,Residential EVs at Peak,GW,Holistic Transition,Electricity,Peak,0.308,0.401,0.5,0.5,0.6,0.6,0.5,0.5,0.6,0.7,0.8,0.9,1.0,1.1,1.2,1.3,1.3,1.4,1.4,1.4,1.5,1.5,1.5,1.4,1.4,1.4,1.4,1.4
3,Residential EVs at Peak,GW,Ten Year Forecast,Electricity,Peak,0.308,0.401,0.5,0.6,0.8,0.9,1.0,1.2,1.3,1.5,1.6,1.8,1.9,,,,,,,,,,,,,,,
3,Residential Resistive Heat at Peak,GW,Hydrogen Evolution,Electricity,Peak,2.145,2.206,2.201,2.185,2.175,2.081,1.987,1.885,1.782,1.677,1.571,1.464,1.356,1.618,1.869,2.119,2.368,2.613,2.792,3.012,3.309,3.585,3.811,4.006,4.181,4.325,4.435,4.543
3,Residential Resistive Heat at Peak,GW,Electric Engagement,Electricity,Peak,2.145,2.206,2.2,2.184,2.175,2.081,1.987,1.885,1.782,1.677,1.571,1.465,1.357,1.809,2.239,2.66,3.061,3.435,3.742,4.106,4.513,4.902,5.228,5.51,5.77,5.965,6.141,6.313
3,Residential Resistive Heat at Peak,GW,Falling Behind,Electricity,Peak,2.145,2.206,2.271,2.241,2.214,2.122,2.034,1.957,1.89,1.824,1.761,1.699,1.639,1.614,1.603,1.626,1.756,2.314,3.78,5.103,6.246,7.191,7.959,8.515,9.022,9.537,10.077,10.623
3,Residential Resistive Heat at Peak,GW,Holistic Transition,Electricity,Peak,2.145,2.206,2.201,2.185,2.176,2.078,1.975,1.87,1.766,1.66,1.553,1.446,1.338,1.583,1.812,2.028,2.228,2.419,2.563,2.762,3.015,3.247,3.438,3.583,3.712,3.817,3.915,4.008
3,Residential Resistive Heat at Peak,GW,Ten Year Forecast,Electricity,Peak,2.145,2.206,2.243,2.22,2.19,2.078,1.981,1.904,1.851,1.789,1.714,1.627,1.529,,,,,,,,,,,,,,,
3,Residential Storage Heat at Peak,GW,Hydrogen Evolution,Electricity,Peak,0.292,0.288,0.283,0.275,0.266,0.256,0.247,0.238,0.226,0.214,0.201,0.188,0.174,0.188,0.203,0.219,0.234,0.25,0.264,0.281,0.298,0.314,0.327,0.337,0.345,0.352,0.357,0.362
3,Residential Storage Heat at Peak,GW,Electric Engagement,Electricity,Peak,0.292,0.288,0.283,0.274,0.265,0.256,0.247,0.238,0.226,0.214,0.201,0.187,0.173,0.2,0.228,0.256,0.284,0.312,0.335,0.362,0.388,0.412,0.433,0.449,0.462,0.472,0.481,0.491
3,Residential Storage Heat at Peak,GW,Falling Behind,Electricity,Peak,0.292,0.288,0.221,0.218,0.215,0.211,0.208,0.204,0.199,0.193,0.188,0.184,0.179,0.185,0.191,0.197,0.204,0.211,0.216,0.222,0.226,0.229,0.233,0.233,0.234,0.234,0.235,0.235
3,Residential Storage Heat at Peak,GW,Holistic Transition,Electricity,Peak,0.292,0.288,0.283,0.274,0.265,0.256,0.247,0.238,0.226,0.213,0.201,0.187,0.173,0.179,0.185,0.191,0.197,0.202,0.206,0.211,0.215,0.217,0.218,0.217,0.217,0.216,0.215,0.216
3,Residential Storage Heat at Peak,GW,Ten Year Forecast,Electricity,Peak,0.292,0.288,0.239,0.234,0.229,0.223,0.217,0.212,0.205,0.197,0.188,0.179,0.169,,,,,,,,,,,,,,,
3,Residential Heat Pumps at Peak,GW,Hydrogen Evolution,Electricity,Peak,0.37,0.412,0.496,0.608,0.748,1.033,1.423,2.081,2.945,3.868,5.07,6.464,7.923,9.475,11.042,12.622,14.218,15.808,17.247,18.523,19.738,20.89,21.844,22.71,23.475,24.137,24.679,25.21
3,Residential Heat Pumps at Peak,GW,Electric Engagement,Electricity,Peak,0.37,0.412,0.496,0.607,0.748,1.033,1.423,2.084,2.943,3.99,5.366,6.832,8.349,10.213,12.09,13.967,15.816,17.602,19.192,20.671,22.038,23.354,24.475,25.489,26.423,27.206,27.951,28.683
3,Residential Heat Pumps at Peak,GW,Falling Behind,Electricity,Peak,0.37,0.412,0.641,0.751,0.865,1.093,1.34,1.583,1.838,2.215,2.641,3.072,3.515,3.969,4.418,4.87,5.325,5.768,6.265,6.745,7.11,7.443,7.762,8.08,8.307,8.505,8.693,8.87
3,Residential Heat Pumps at Peak,GW,Holistic Transition,Electricity,Peak,0.37,0.412,0.487,0.58,0.672,0.856,1.117,1.512,2.079,2.847,3.883,5.022,6.28,7.812,9.347,10.857,12.311,13.678,14.867,16.039,17.123,18.166,19.084,19.905,20.637,21.216,21.754,22.243
3,Residential Heat Pumps at Peak,GW,Ten Year Forecast,Electricity,Peak,0.37,0.412,0.516,0.619,0.749,0.977,1.248,1.549,1.892,2.228,2.599,2.996,3.479,,,,,,,,,,,,,,,
3,Residential District Heat at Peak,GW,Hydrogen Evolution,Electricity,Peak,0.023,0.04,0.068,0.088,0.109,0.131,0.154,0.184,0.217,0.253,0.295,0.339,0.388,0.583,0.803,1.048,1.319,1.619,1.863,2.057,2.241,2.419,2.574,2.709,2.846,2.973,3.086,3.195
3,Residential District Heat at Peak,GW,Electric Engagement,Electricity,Peak,0.023,0.04,0.062,0.098,0.142,0.191,0.246,0.313,0.379,0.461,0.56,0.66,0.764,1.144,1.533,1.936,2.369,2.847,3.341,3.687,3.973,4.229,4.438,4.664,4.87,5.051,5.225,5.392
3,Residential District Heat at Peak,GW,Falling Behind,Electricity,Peak,0.023,0.04,0.066,0.091,0.123,0.157,0.196,0.241,0.29,0.348,0.415,0.493,0.584,0.613,0.65,0.703,0.794,0.943,1.153,1.352,1.539,1.716,1.88,1.992,2.095,2.19,2.276,2.351
3,Residential District Heat at Peak,GW,Holistic Transition,Electricity,Peak,0.023,0.04,0.062,0.096,0.137,0.181,0.23,0.289,0.354,0.432,0.523,0.618,0.72,1.131,1.549,1.99,2.471,3.002,3.561,3.964,4.316,4.627,4.88,5.141,5.369,5.56,5.738,5.898
3,Residential District Heat at Peak,GW,Ten Year Forecast,Electricity,Peak,0.023,0.04,0.07,0.113,0.167,0.229,0.3,0.382,0.445,0.515,0.595,0.687,0.79,,,,,,,,,,,,,,,
3,Residential Losses,GW,Hydrogen Evolution,Electricity,Peak,2.141,2.142,2.099,2.062,2.048,2.056,2.074,2.135,2.215,2.306,2.417,2.547,2.68,2.865,3.062,3.253,3.449,3.647,3.817,3.971,4.136,4.296,4.421,4.541,4.65,4.734,4.813,4.892
3,Residential Losses,GW,Electric Engagement,Electricity,Peak,2.141,2.142,2.085,2.047,2.023,2.009,2.013,2.062,2.12,2.195,2.311,2.436,2.568,2.832,3.098,3.358,3.609,3.876,4.114,4.343,4.549,4.745,4.912,5.065,5.206,5.323,5.435,5.546
3,Residential Losses,GW,Falling Behind,Electricity,Peak,2.141,2.142,2.134,2.116,2.106,2.113,2.135,2.161,2.2,2.243,2.303,2.365,2.428,2.489,2.552,2.609,2.682,2.809,3.034,3.243,3.411,3.555,3.679,3.765,3.846,3.913,3.981,4.057
3,Residential Losses,GW,Holistic Transition,Electricity,Peak,2.141,2.142,2.07,1.999,1.958,1.915,1.878,1.867,1.887,1.931,2.006,2.094,2.197,2.397,2.6,2.805,3.0,3.207,3.39,3.562,3.735,3.889,4.02,4.128,4.234,4.317,4.396,4.466
3,Residential Losses,GW,Ten Year Forecast,Electricity,Peak,2.141,2.142,2.107,2.074,2.051,2.044,2.056,2.088,2.115,2.151,2.184,2.229,2.27,,,,,,,,,,,,,,,
2,"GBFES Peak System Demand: All Industrial except Electrolysis, plus Losses",GW,Hydrogen Evolution,Electricity,Peak,15.388,15.484,15.579,15.636,15.726,15.877,15.994,16.101,16.272,16.431,16.577,16.727,16.912,17.189,17.411,17.58,17.756,17.956,17.941,17.896,17.857,17.806,17.742,17.672,17.597,17.587,17.56,17.584
2,"GBFES Peak System Demand: All Industrial except Electrolysis, plus Losses",GW,Electric Engagement,Electricity,Peak,15.388,15.484,15.55,15.65,15.967,16.371,16.861,17.404,18.011,18.693,19.462,20.476,21.572,22.573,23.347,23.933,24.449,24.945,25.111,25.182,25.266,25.332,25.329,25.325,25.328,25.337,25.356,25.383
2,"GBFES Peak System Demand: All Industrial except Electrolysis, plus Losses",GW,Falling Behind,Electricity,Peak,15.388,15.484,15.77,15.88,16.019,16.218,16.389,16.539,16.71,16.861,16.971,17.043,17.105,17.242,17.365,17.488,17.679,17.942,18.057,18.181,18.375,18.593,18.778,18.986,19.222,19.491,19.732,19.959
2,"GBFES Peak System Demand: All Industrial except Electrolysis, plus Losses",GW,Holistic Transition,Electricity,Peak,15.388,15.484,15.596,15.715,16.12,16.596,17.014,17.429,17.881,18.332,18.742,19.166,19.608,20.11,20.43,20.45,20.537,20.689,20.675,20.626,20.61,20.594,20.524,20.462,20.424,20.422,20.424,20.439
2,"GBFES Peak System Demand: All Industrial except Electrolysis, plus Losses",GW,Ten Year Forecast,Electricity,Peak,15.388,15.484,15.877,16.042,16.191,16.379,16.566,16.756,17.006,17.288,17.519,17.717,17.84,,,,,,,,,,,,,,,
3,Industrial Peak (No Losses),GW,Hydrogen Evolution,Electricity,Peak,12.605,12.707,12.814,12.896,13.002,13.163,13.287,13.396,13.561,13.724,13.893,14.086,14.324,14.622,14.87,15.068,15.268,15.489,15.51,15.51,15.515,15.516,15.508,15.496,15.473,15.498,15.489,15.513
3,Industrial Peak (No Losses),GW,Electric Engagement,Electricity,Peak,12.605,12.707,12.788,12.908,13.221,13.612,14.074,14.576,15.136,15.772,16.502,17.474,18.534,19.476,20.211,20.775,21.272,21.747,21.92,22.01,22.115,22.209,22.244,22.282,22.319,22.353,22.381,22.405
3,Industrial Peak (No Losses),GW,Falling Behind,Electricity,Peak,12.605,12.707,12.941,13.056,13.192,13.381,13.542,13.678,13.831,13.97,14.077,14.16,14.259,14.383,14.495,14.61,14.789,15.036,15.147,15.267,15.446,15.646,15.814,16.003,16.218,16.466,16.693,16.916
3,Industrial Peak (No Losses),GW,Holistic Transition,Electricity,Peak,12.605,12.707,12.83,12.967,13.361,13.819,14.218,14.606,15.027,15.458,15.869,16.31,16.776,17.265,17.589,17.64,17.749,17.915,17.926,17.911,17.925,17.943,17.919,17.904,17.902,17.921,17.929,17.941
3,Industrial Peak (No Losses),GW,Ten Year Forecast,Electricity,Peak,12.605,12.707,13.037,13.201,13.346,13.524,13.7,13.872,14.098,14.359,14.582,14.797,14.978,,,,,,,,,,,,,,,
3,Industrial Resistive Heat at Peak,GW,Hydrogen Evolution,Electricity,Peak,1.397,1.381,1.36,1.329,1.303,1.278,1.26,1.247,1.236,1.215,1.178,1.12,1.047,0.995,0.942,0.891,0.844,0.799,0.759,0.713,0.666,0.614,0.557,0.499,0.448,0.408,0.387,0.38
3,Industrial Resistive Heat at Peak,GW,Electric Engagement,Electricity,Peak,1.397,1.381,1.359,1.328,1.301,1.275,1.256,1.243,1.232,1.214,1.182,1.13,1.065,1.021,0.978,0.931,0.888,0.849,0.813,0.773,0.732,0.686,0.636,0.581,0.532,0.492,0.468,0.457
3,Industrial Resistive Heat at Peak,GW,Falling Behind,Electricity,Peak,1.397,1.381,1.406,1.39,1.379,1.369,1.362,1.361,1.36,1.355,1.345,1.324,1.275,1.276,1.275,1.272,1.266,1.258,1.249,1.241,1.238,1.236,1.235,1.236,1.236,1.233,1.225,1.209
3,Industrial Resistive Heat at Peak,GW,Holistic Transition,Electricity,Peak,1.397,1.381,1.36,1.328,1.301,1.274,1.252,1.237,1.224,1.201,1.161,1.103,1.036,0.99,0.942,0.894,0.849,0.808,0.771,0.73,0.689,0.644,0.592,0.538,0.491,0.456,0.437,0.426
3,Industrial Resistive Heat at Peak,GW,Ten Year Forecast,Electricity,Peak,1.397,1.381,1.408,1.392,1.38,1.369,1.36,1.355,1.354,1.346,1.329,1.288,1.21,,,,,,,,,,,,,,,
3,Industrial Storage Heat at Peak,GW,Hydrogen Evolution,Electricity,Peak,0.001,0.001,0.001,0.001,0.001,0.001,0.001,0.001,0.001,0.001,0.001,0.001,0.001,0.003,0.004,0.005,0.005,0.006,0.007,0.007,0.008,0.009,0.01,0.011,0.012,0.013,0.014,0.015
3,Industrial Storage Heat at Peak,GW,Electric Engagement,Electricity,Peak,0.001,0.001,0.001,0.001,0.001,0.001,0.001,0.001,0.001,0.001,0.001,0.001,0.001,0.003,0.005,0.006,0.007,0.008,0.009,0.01,0.011,0.012,0.013,0.014,0.016,0.017,0.018,0.018
3,Industrial Storage Heat at Peak,GW,Falling Behind,Electricity,Peak,0.001,0.001,0.001,0.001,0.001,0.001,0.001,0.001,0.001,0.001,0.002,0.002,0.002,0.002,0.001,0.001,0.001,0.001,0.001,0.001,0.001,0.001,0.001,0.001,0.001,0.0,0.0,0.0
3,Industrial Storage Heat at Peak,GW,Holistic Transition,Electricity,Peak,0.001,0.001,0.001,0.001,0.001,0.001,0.001,0.001,0.001,0.001,0.001,0.001,0.001,0.003,0.004,0.005,0.006,0.007,0.008,0.009,0.01,0.011,0.012,0.013,0.014,0.015,0.016,0.017
3,Industrial Storage Heat at Peak,GW,Ten Year Forecast,Electricity,Peak,0.001,0.001,0.001,0.001,0.001,0.001,0.001,0.001,0.001,0.001,0.002,0.002,0.002,,,,,,,,,,,,,,,
3,Industrial District Heat at Peak,GW,Hydrogen Evolution,Electricity,Peak,0.001,0.002,0.003,0.004,0.005,0.006,0.007,0.008,0.01,0.011,0.013,0.015,0.017,0.023,0.028,0.034,0.04,0.047,0.051,0.056,0.06,0.065,0.07,0.076,0.081,0.085,0.09,0.094
3,Industrial District Heat at Peak,GW,Electric Engagement,Electricity,Peak,0.001,0.002,0.002,0.004,0.007,0.01,0.013,0.018,0.021,0.023,0.025,0.028,0.031,0.042,0.053,0.068,0.082,0.096,0.11,0.123,0.135,0.146,0.157,0.17,0.182,0.195,0.207,0.219
3,Industrial District Heat at Peak,GW,Falling Behind,Electricity,Peak,0.001,0.002,0.002,0.004,0.005,0.007,0.009,0.011,0.014,0.016,0.02,0.024,0.03,0.03,0.031,0.031,0.032,0.033,0.034,0.036,0.037,0.037,0.038,0.038,0.038,0.038,0.038,0.038
3,Industrial District Heat at Peak,GW,Holistic Transition,Electricity,Peak,0.001,0.002,0.002,0.004,0.006,0.009,0.013,0.017,0.02,0.022,0.024,0.027,0.031,0.042,0.056,0.07,0.084,0.097,0.109,0.121,0.132,0.143,0.154,0.166,0.18,0.192,0.204,0.216
3,Industrial District Heat at Peak,GW,Ten Year Forecast,Electricity,Peak,0.001,0.002,0.003,0.005,0.007,0.011,0.015,0.019,0.022,0.026,0.03,0.037,0.046,,,,,,,,,,,,,,,
3,Industrial Losses,GW,Hydrogen Evolution,Electricity,Peak,1.385,1.393,1.402,1.407,1.415,1.429,1.439,1.449,1.464,1.478,1.492,1.505,1.522,1.547,1.567,1.582,1.598,1.616,1.614,1.61,1.607,1.602,1.596,1.59,1.583,1.583,1.58,1.582
3,Industrial Losses,GW,Electric Engagement,Electricity,Peak,1.385,1.393,1.399,1.408,1.437,1.473,1.517,1.566,1.621,1.682,1.751,1.842,1.941,2.031,2.101,2.154,2.2,2.245,2.26,2.266,2.274,2.279,2.279,2.279,2.279,2.28,2.282,2.284
3,Industrial Losses,GW,Falling Behind,Electricity,Peak,1.385,1.393,1.419,1.429,1.441,1.459,1.475,1.488,1.504,1.517,1.527,1.534,1.539,1.551,1.563,1.574,1.591,1.614,1.625,1.636,1.653,1.673,1.69,1.708,1.73,1.754,1.776,1.796
3,Industrial Losses,GW,Holistic Transition,Electricity,Peak,1.385,1.393,1.403,1.414,1.45,1.493,1.531,1.568,1.609,1.65,1.686,1.725,1.764,1.81,1.838,1.84,1.848,1.862,1.86,1.856,1.855,1.853,1.847,1.841,1.838,1.838,1.838,1.839
3,Industrial Losses,GW,Ten Year Forecast,Electricity,Peak,1.385,1.393,1.429,1.443,1.457,1.474,1.491,1.508,1.53,1.556,1.576,1.594,1.605,,,,,,,,,,,,,,,
2,"GBFES Peak System Demand: Commercial inc Rail and District Heat, +EVs +HPs +Losses ignoring Microgen",GW,Hydrogen Evolution,Electricity,Peak,17.48,18.252,18.76,19.202,19.712,20.373,21.201,22.242,23.507,24.794,26.082,27.427,28.788,30.67,32.576,34.519,36.412,38.448,40.184,41.878,43.415,44.543,45.417,46.206,46.989,47.793,48.52,49.379
2,"GBFES Peak System Demand: Commercial inc Rail and District Heat, +EVs +HPs +Losses ignoring Microgen",GW,Electric Engagement,Electricity,Peak,17.48,18.252,18.564,19.012,19.625,20.468,21.657,22.877,24.274,25.755,27.354,28.805,30.531,32.823,35.26,37.726,40.236,42.74,44.874,46.593,48.203,49.592,50.865,51.807,52.8,53.587,54.51,55.457
2,"GBFES Peak System Demand: Commercial inc Rail and District Heat, +EVs +HPs +Losses ignoring Microgen",GW,Falling Behind,Electricity,Peak,17.48,18.252,18.846,19.121,19.443,19.878,20.576,21.345,22.298,23.261,24.184,25.196,26.238,27.314,28.333,29.475,30.616,31.763,32.826,33.889,34.88,36.059,37.163,38.029,38.787,39.514,40.173,40.859
2,"GBFES Peak System Demand: Commercial inc Rail and District Heat, +EVs +HPs +Losses ignoring Microgen",GW,Holistic Transition,Electricity,Peak,17.48,18.252,18.687,19.178,19.732,20.328,21.257,22.412,23.636,25.025,26.333,27.603,28.917,30.962,32.929,35.041,37.061,38.975,40.528,42.005,43.247,44.256,45.104,45.872,46.529,47.305,48.0,48.824
2,"GBFES Peak System Demand: Commercial inc Rail and District Heat, +EVs +HPs +Losses ignoring Microgen",GW,Ten Year Forecast,Electricity,Peak,17.48,18.252,18.642,18.837,19.295,19.929,20.941,22.091,23.264,24.566,25.722,26.539,27.44,,,,,,,,,,,,,,,
3,Commercial Heat Pumps at Peak,GW,Hydrogen Evolution,Electricity,Peak,0.15,0.206,0.273,0.355,0.444,0.623,0.821,1.095,1.379,1.636,1.9,2.162,2.419,2.892,3.395,3.934,4.505,5.11,5.523,5.927,6.251,6.559,6.81,7.051,7.278,7.5,7.724,7.954
3,Commercial Heat Pumps at Peak,GW,Electric Engagement,Electricity,Peak,0.15,0.206,0.271,0.353,0.439,0.614,0.807,1.048,1.299,1.574,1.855,2.136,2.414,2.888,3.403,3.955,4.546,5.174,5.571,5.961,6.276,6.567,6.822,7.053,7.301,7.546,7.794,8.044
3,Commercial Heat Pumps at Peak,GW,Falling Behind,Electricity,Peak,0.15,0.206,0.238,0.307,0.375,0.486,0.605,0.733,0.87,1.008,1.158,1.352,1.554,1.755,1.964,2.18,2.405,2.636,2.799,2.957,3.084,3.209,3.331,3.45,3.568,3.682,3.796,3.911
3,Commercial Heat Pumps at Peak,GW,Holistic Transition,Electricity,Peak,0.15,0.206,0.265,0.346,0.434,0.609,0.805,1.049,1.298,1.559,1.825,2.09,2.352,2.817,3.319,3.862,4.431,5.032,5.397,5.752,6.002,6.228,6.42,6.592,6.786,6.977,7.172,7.371
3,Commercial Heat Pumps at Peak,GW,Ten Year Forecast,Electricity,Peak,0.15,0.206,0.25,0.321,0.391,0.52,0.675,0.839,1.01,1.188,1.387,1.62,1.854,,,,,,,,,,,,,,,
3,Initial Commercial Component exc District Heat inc Rail (No Losses),GW,Hydrogen Evolution,Electricity,Peak,13.514,14.054,14.324,14.464,14.653,14.814,15.098,15.383,15.745,16.192,16.563,16.902,17.266,17.741,18.203,18.66,19.132,19.593,20.061,20.505,20.963,21.377,21.756,22.094,22.413,22.733,23.066,23.405
3,Initial Commercial Component exc District Heat inc Rail (No Losses),GW,Electric Engagement,Electricity,Peak,13.514,14.054,14.15,14.288,14.559,14.862,15.438,15.868,16.341,16.93,17.447,17.945,18.504,19.261,20.013,20.754,21.494,22.192,22.864,23.476,24.07,24.608,25.113,25.571,26.003,26.43,26.866,27.308
3,Initial Commercial Component exc District Heat inc Rail (No Losses),GW,Falling Behind,Electricity,Peak,13.514,14.054,14.403,14.492,14.608,14.696,14.996,15.336,15.724,16.118,16.483,16.798,17.05,17.323,17.544,17.779,18.013,18.251,18.467,18.69,18.949,19.179,19.343,19.503,19.667,19.815,19.923,20.066
3,Initial Commercial Component exc District Heat inc Rail (No Losses),GW,Holistic Transition,Electricity,Peak,13.514,14.054,14.268,14.446,14.665,14.848,15.194,15.574,15.995,16.522,16.989,17.438,17.934,18.593,19.246,19.892,20.531,21.138,21.735,22.28,22.815,23.282,23.673,24.039,24.428,24.811,25.204,25.602
3,Initial Commercial Component exc District Heat inc Rail (No Losses),GW,Ten Year Forecast,Electricity,Peak,13.514,14.054,14.203,14.208,14.331,14.56,15.091,15.607,16.145,16.708,17.064,17.097,17.108,,,,,,,,,,,,,,,
3,Commercial Resistive Heat at Peak,GW,Hydrogen Evolution,Electricity,Peak,2.013,2.029,2.037,2.006,1.981,1.929,1.885,1.854,1.839,1.784,1.698,1.596,1.486,1.496,1.506,1.517,1.533,1.552,1.602,1.646,1.715,1.774,1.797,1.798,1.827,1.881,1.947,2.022
3,Commercial Resistive Heat at Peak,GW,Electric Engagement,Electricity,Peak,2.013,2.029,2.037,2.006,1.98,1.928,1.883,1.85,1.835,1.782,1.704,1.609,1.506,1.56,1.614,1.665,1.718,1.773,1.848,1.918,2.014,2.092,2.143,2.158,2.222,2.305,2.402,2.509
3,Commercial Resistive Heat at Peak,GW,Falling Behind,Electricity,Peak,2.013,2.029,2.074,2.052,2.044,2.019,2.008,2.006,2.004,2.0,1.971,1.921,1.845,1.837,1.822,1.801,1.773,1.741,1.711,1.68,1.683,1.689,1.696,1.705,1.713,1.715,1.699,1.674
3,Commercial Resistive Heat at Peak,GW,Holistic Transition,Electricity,Peak,2.013,2.029,2.037,2.006,1.979,1.924,1.875,1.837,1.817,1.757,1.676,1.579,1.475,1.527,1.574,1.622,1.662,1.704,1.767,1.828,1.912,1.98,2.022,2.028,2.084,2.153,2.235,2.325
3,Commercial Resistive Heat at Peak,GW,Ten Year Forecast,Electricity,Peak,2.013,2.029,2.076,2.053,2.044,2.012,1.986,1.978,1.976,1.954,1.882,1.78,1.668,,,,,,,,,,,,,,,
3,Commercial Storage Heat at Peak,GW,Hydrogen Evolution,Electricity,Peak,0.002,0.003,0.003,0.004,0.004,0.005,0.005,0.006,0.006,0.007,0.007,0.008,0.008,0.017,0.024,0.031,0.037,0.042,0.049,0.055,0.061,0.067,0.071,0.076,0.08,0.084,0.088,0.092
3,Commercial Storage Heat at Peak,GW,Electric Engagement,Electricity,Peak,0.002,0.003,0.003,0.004,0.004,0.005,0.005,0.006,0.006,0.007,0.007,0.008,0.009,0.02,0.03,0.039,0.047,0.053,0.061,0.069,0.076,0.083,0.088,0.094,0.1,0.105,0.111,0.117
3,Commercial Storage Heat at Peak,GW,Falling Behind,Electricity,Peak,0.002,0.003,0.003,0.004,0.004,0.005,0.006,0.006,0.007,0.007,0.008,0.008,0.009,0.01,0.01,0.011,0.011,0.011,0.011,0.011,0.011,0.011,0.011,0.011,0.011,0.011,0.01,0.01
3,Commercial Storage Heat at Peak,GW,Holistic Transition,Electricity,Peak,0.002,0.003,0.003,0.004,0.004,0.005,0.005,0.006,0.006,0.007,0.007,0.008,0.009,0.02,0.029,0.038,0.045,0.051,0.058,0.065,0.071,0.077,0.082,0.087,0.092,0.097,0.102,0.107
3,Commercial Storage Heat at Peak,GW,Ten Year Forecast,Electricity,Peak,0.002,0.003,0.003,0.004,0.004,0.005,0.006,0.006,0.007,0.007,0.008,0.008,0.009,,,,,,,,,,,,,,,
3,Commercial District Heat at Peak,GW,Hydrogen Evolution,Electricity,Peak,0.018,0.025,0.034,0.045,0.055,0.069,0.084,0.103,0.122,0.144,0.167,0.191,0.218,0.265,0.316,0.371,0.429,0.491,0.534,0.577,0.618,0.659,0.696,0.73,0.763,0.796,0.829,0.862
3,Commercial District Heat at Peak,GW,Electric Engagement,Electricity,Peak,0.018,0.025,0.032,0.052,0.077,0.118,0.175,0.246,0.309,0.344,0.379,0.415,0.452,0.54,0.628,0.719,0.81,0.903,0.992,1.078,1.131,1.179,1.221,1.269,1.323,1.378,1.432,1.488
3,Commercial District Heat at Peak,GW,Falling Behind,Electricity,Peak,0.018,0.025,0.032,0.046,0.061,0.083,0.11,0.144,0.187,0.235,0.288,0.35,0.418,0.431,0.443,0.452,0.46,0.467,0.484,0.502,0.514,0.527,0.537,0.539,0.539,0.537,0.53,0.522
3,Commercial District Heat at Peak,GW,Holistic Transition,Electricity,Peak,0.018,0.025,0.032,0.05,0.074,0.113,0.165,0.23,0.292,0.329,0.366,0.404,0.445,0.519,0.597,0.674,0.758,0.844,0.924,1.0,1.055,1.106,1.149,1.197,1.253,1.309,1.367,1.426
3,Commercial District Heat at Peak,GW,Ten Year Forecast,Electricity,Peak,0.018,0.025,0.033,0.057,0.089,0.138,0.2,0.273,0.333,0.398,0.466,0.546,0.633,,,,,,,,,,,,,,,
3,Commercial EVs at Peak,GW,Hydrogen Evolution,Electricity,Peak,0.211,0.294,0.4,0.6,0.8,1.1,1.4,1.8,2.3,2.8,3.4,4.1,4.8,5.5,6.2,6.9,7.5,8.2,8.8,9.4,9.9,10.1,10.2,10.3,10.4,10.5,10.5,10.6
3,Commercial EVs at Peak,GW,Electric Engagement,Electricity,Peak,0.211,0.294,0.4,0.6,0.8,1.1,1.4,1.8,2.3,2.8,3.5,4.1,4.9,5.6,6.4,7.2,8.0,8.8,9.5,9.9,10.3,10.6,10.9,11.0,11.1,11.0,11.0,11.0
3,Commercial EVs at Peak,GW,Falling Behind,Electricity,Peak,0.211,0.294,0.4,0.5,0.6,0.8,1.0,1.2,1.5,1.8,2.1,2.5,3.0,3.5,4.0,4.6,5.2,5.8,6.4,7.0,7.5,8.2,8.9,9.4,9.8,10.2,10.6,11.0
3,Commercial EVs at Peak,GW,Holistic Transition,Electricity,Peak,0.211,0.294,0.4,0.6,0.8,1.0,1.3,1.7,2.1,2.6,3.1,3.6,4.1,4.7,5.2,5.8,6.3,6.7,7.0,7.3,7.5,7.6,7.7,7.8,7.7,7.7,7.6,7.6
3,Commercial EVs at Peak,GW,Ten Year Forecast,Electricity,Peak,0.211,0.294,0.4,0.5,0.7,0.9,1.1,1.4,1.7,2.1,2.6,3.1,3.7,,,,,,,,,,,,,,,
3,Commercial Losses,GW,Hydrogen Evolution,Electricity,Peak,1.573,1.642,1.688,1.728,1.774,1.833,1.908,2.001,2.115,2.231,2.347,2.468,2.59,2.76,2.931,3.106,3.276,3.46,3.616,3.768,3.907,4.008,4.087,4.158,4.228,4.301,4.366,4.443
3,Commercial Losses,GW,Electric Engagement,Electricity,Peak,1.573,1.642,1.67,1.711,1.766,1.842,1.949,2.059,2.184,2.317,2.461,2.592,2.747,2.953,3.173,3.395,3.621,3.846,4.038,4.193,4.337,4.462,4.577,4.662,4.751,4.822,4.905,4.99
3,Commercial Losses,GW,Falling Behind,Electricity,Peak,1.573,1.642,1.696,1.721,1.75,1.789,1.852,1.921,2.006,2.093,2.176,2.267,2.361,2.458,2.55,2.652,2.755,2.858,2.954,3.049,3.139,3.245,3.344,3.422,3.49,3.556,3.615,3.677
3,Commercial Losses,GW,Holistic Transition,Electricity,Peak,1.573,1.642,1.681,1.726,1.776,1.829,1.913,2.017,2.127,2.252,2.369,2.484,2.602,2.786,2.963,3.153,3.335,3.507,3.647,3.78,3.891,3.982,4.059,4.128,4.187,4.257,4.319,4.393
3,Commercial Losses,GW,Ten Year Forecast,Electricity,Peak,1.573,1.642,1.677,1.695,1.736,1.793,1.884,1.988,2.093,2.211,2.315,2.388,2.469,,,,,,,,,,,,,,,
2,GBFES System Demand: Direct Connects,GW,Hydrogen Evolution,Electricity,Peak,0.8,0.8,0.87,0.99,1.12,1.19,1.38,1.5,1.485,1.47,1.455,1.45,1.405,1.36,1.315,1.27,1.225,1.2,1.193,1.186,1.179,1.172,1.165,1.158,1.151,1.15,1.15,1.15
2,GBFES System Demand: Direct Connects,GW,Electric Engagement,Electricity,Peak,0.8,0.8,0.87,0.99,1.12,1.19,1.38,1.5,1.485,1.47,1.455,1.45,1.405,1.36,1.315,1.27,1.225,1.2,1.193,1.186,1.179,1.172,1.165,1.158,1.151,1.15,1.15,1.15
2,GBFES System Demand: Direct Connects,GW,Falling Behind,Electricity,Peak,0.8,0.8,0.87,0.99,1.12,1.19,1.38,1.5,1.485,1.47,1.455,1.45,1.405,1.36,1.315,1.27,1.225,1.2,1.193,1.186,1.179,1.172,1.165,1.158,1.151,1.15,1.15,1.15
2,GBFES System Demand: Direct Connects,GW,Holistic Transition,Electricity,Peak,0.8,0.8,0.87,0.99,1.12,1.19,1.38,1.5,1.485,1.47,1.455,1.45,1.405,1.36,1.315,1.27,1.225,1.2,1.193,1.186,1.179,1.172,1.165,1.158,1.151,1.15,1.15,1.15
2,GBFES System Demand: Direct Connects,GW,Ten Year Forecast,Electricity,Peak,0.8,0.8,0.87,0.99,1.12,1.19,1.38,1.5,1.485,1.47,1.455,1.45,1.405,,,,,,,,,,,,,,,
